{"cameraMode":{"drawMode":0,"name":"Shaded","section":"Shading Mode"},"sceneLighting":true,"audioPlay":false,"sceneViewState":{"showFog":true,"showMaterialUpdate":false,"showSkybox":true,"showFlares":true,"showImageEffects":true,"showParticleSystems":true},"in2DMode":false,"pivot":{"x":0.8214817047119141,"y":-17.408119201660158,"z":5.790412902832031},"rotation":{"x":0.63095623254776,"y":-0.05571454018354416,"z":0.0455077700316906,"w":0.7724782228469849},"size":13.300002098083496,"orthographic":true}